[
  {
    "op": "add",
    "path": "/fpHandTransformByType/creature-wild-goblin_spear",
    "value": {
      "translation": {
        "x": 0.05,
        "y": -0.3,
        "z": 0
      },
      "rotation": {
        "x": 165,
        "y": 76,
        "z": -180
      }
    },
    "file": "game:itemtypes/creature.json"
  },
  {
    "op": "add",
    "path": "/guiTransformByType/creature-wild-goblin_spear",
    "value": {
      "rotation": {
        "x": 0,
        "y": -90,
        "z": -178
      },
      "origin": {
        "x": 0.6,
        "y": 0.78,
        "z": 0.5
      }
    },
    "file": "game:itemtypes/creature.json"
  },
  {
    "op": "add",
    "path": "/shapeByType/creature-wild-goblin_spear",
    "value": {
      "base": "entity/land/wild-goblin_spear"
    },
    "file": "game:itemtypes/creature.json"
  },
  {
    "op": "add",
    "path": "/texturesByType/creature-wild-goblin_spear",
    "value": {
      "skin": {
        "base": "entity/goblin/goblin02"
      }
    },
    "file": "game:itemtypes/creature.json"
  },
  {
    "op": "add",
    "path": "/tpHandTransformByType/creature-wild-goblin_spear",
    "value": {
      "translation": {
        "x": -0.6,
        "y": -1.1,
        "z": -0.4
      },
      "rotation": {
        "x": -85,
        "y": -11,
        "z": 89
      },
      "origin": {
        "x": 0.5,
        "y": 1,
        "z": 0.5
      },
      "scale": 0.7
    },
    "file": "game:itemtypes/creature.json"
  },
  {
    "op": "add",
    "path": "/variantgroups/0/states/0",
    "value": "wild-goblin_spear",
    "file": "game:itemtypes/creature.json"
  }
]