[
  {
    "op": "add",
    "path": "/server/behaviors/8/aitasks/0/entityCodes/1",
    "value": "wild-goblin_spear",
    "file": "entities/land/drifter.json"
  },
  {
    "op": "add",
    "path": "/server/behaviors/8/aitasks/1/entityCodes/1",
    "value": "wild-goblin_spear",
    "file": "entities/land/drifter.json"
  },
  {
    "op": "add",
    "path": "/server/behaviors/8/aitasks/2/entityCodes/1",
    "value": "wild-goblin_spear",
    "file": "entities/land/drifter.json"
  },
  {
    "op": "add",
    "path": "/server/behaviors/8/aitasks/3/entityCodes/1",
    "value": "wild-goblin_spear",
    "file": "entities/land/drifter.json"
  }
]